text,label
The model was trained using supervised learning.,Read
The experiment achieved excellent accuracy.,Read
The proposed system converts PDF documents into speech.,Read
Figure 90,Ignore
Table 136,Ignore
Page 255,Ignore
Python is a popular programming language.,Read
Neural networks are inspired by the human brain.,Read
Figure 129,Ignore
Page 152,Ignore
Figure 186,Ignore
Cybersecurity protects digital systems.,Read
Cloud computing provides scalable resources.,Read
Figure 26,Ignore
Page 285,Ignore
This chapter introduces machine learning concepts.,Read
Natural language processing helps computers understand text.,Read
Cloud computing provides scalable resources.,Read
Table 97,Ignore
Page 30,Ignore
Page 164,Ignore
Figure 176,Ignore
Page 55,Ignore
Machine learning improves healthcare.,Read
Figure 11,Ignore
Data science combines statistics and computing.,Read
The experiment achieved excellent accuracy.,Read
Neural networks are inspired by the human brain.,Read
Page 18,Ignore
Table 96,Ignore
Python is a popular programming language.,Read
Figure 195,Ignore
Table 68,Ignore
Accessibility technology assists visually impaired users.,Read
Deep learning performs well on image recognition.,Read
This chapter introduces machine learning concepts.,Read
Machine learning improves healthcare.,Read
Cloud computing provides scalable resources.,Read
Table 57,Ignore
Neural networks are inspired by the human brain.,Read
Cloud computing provides scalable resources.,Read
Table 62,Ignore
Page 160,Ignore
Table 30,Ignore
Figure 154,Ignore
Artificial intelligence is transforming education.,Read
Page 271,Ignore
This chapter introduces machine learning concepts.,Read
Artificial intelligence is transforming education.,Read
Page 93,Ignore
Table 20,Ignore
Figure 164,Ignore
The proposed system converts PDF documents into speech.,Read
Table 187,Ignore
Figure 106,Ignore
Table 52,Ignore
Neural networks are inspired by the human brain.,Read
Page 135,Ignore
Table 8,Ignore
Cybersecurity protects digital systems.,Read
The experiment achieved excellent accuracy.,Read
This chapter introduces machine learning concepts.,Read
The model was trained using supervised learning.,Read
Machine learning improves healthcare.,Read
Table 142,Ignore
Figure 170,Ignore
Cybersecurity protects digital systems.,Read
Machine learning improves healthcare.,Read
This chapter introduces machine learning concepts.,Read
Page 234,Ignore
Page 280,Ignore
Figure 119,Ignore
Python is a popular programming language.,Read
Page 283,Ignore
Table 86,Ignore
Page 199,Ignore
Table 198,Ignore
Table 63,Ignore
Accessibility technology assists visually impaired users.,Read
Deep learning performs well on image recognition.,Read
Table 36,Ignore
The proposed system converts PDF documents into speech.,Read
Natural language processing helps computers understand text.,Read
Python is a popular programming language.,Read
References,Ignore
Cybersecurity protects digital systems.,Read
This chapter introduces machine learning concepts.,Read
Table 17,Ignore
This chapter introduces machine learning concepts.,Read
https://example.com,Ignore
Page 57,Ignore
Page 74,Ignore
The model was trained using supervised learning.,Read
The experiment achieved excellent accuracy.,Read
Natural language processing helps computers understand text.,Read
Cloud computing provides scalable resources.,Read
Figure 43,Ignore
Speech synthesis converts text into spoken words.,Read
The model was trained using supervised learning.,Read
Speech synthesis converts text into spoken words.,Read
Speech synthesis converts text into spoken words.,Read
Figure 137,Ignore
Neural networks are inspired by the human brain.,Read
Page 40,Ignore
Natural language processing helps computers understand text.,Read
Machine learning improves healthcare.,Read
Figure 52,Ignore
Page 65,Ignore
Table 79,Ignore
Figure 96,Ignore
Figure 126,Ignore
Figure 117,Ignore
Neural networks are inspired by the human brain.,Read
The experiment achieved excellent accuracy.,Read
Artificial intelligence is transforming education.,Read
Accessibility technology assists visually impaired users.,Read
Deep learning performs well on image recognition.,Read
Figure 88,Ignore
Page 118,Ignore
Deep learning performs well on image recognition.,Read
Page 11,Ignore
Figure 123,Ignore
Deep learning performs well on image recognition.,Read
Data science combines statistics and computing.,Read
Speech synthesis converts text into spoken words.,Read
Accessibility technology assists visually impaired users.,Read
Artificial intelligence is transforming education.,Read
Table 18,Ignore
Page 240,Ignore
Page 139,Ignore
Figure 127,Ignore
Speech synthesis converts text into spoken words.,Read
Figure 49,Ignore
This chapter introduces machine learning concepts.,Read
Deep learning performs well on image recognition.,Read
Page 295,Ignore
Speech synthesis converts text into spoken words.,Read
Page 2,Ignore
Table 32,Ignore
Page 101,Ignore
Page 70,Ignore
Data science combines statistics and computing.,Read
All Rights Reserved,Ignore
https://school.edu,Ignore
Page 242,Ignore
Accessibility technology assists visually impaired users.,Read
Page 146,Ignore
Table 66,Ignore
Figure 143,Ignore
Figure 116,Ignore
Artificial intelligence is transforming education.,Read
Table 139,Ignore
Page 9,Ignore
Table 165,Ignore
Speech synthesis converts text into spoken words.,Read
Artificial intelligence is transforming education.,Read
Neural networks are inspired by the human brain.,Read
Page 224,Ignore
Deep learning performs well on image recognition.,Read
The model was trained using supervised learning.,Read
Figure 133,Ignore
Table 103,Ignore
Deep learning performs well on image recognition.,Read
Neural networks are inspired by the human brain.,Read
Natural language processing helps computers understand text.,Read
Data science combines statistics and computing.,Read
Page 269,Ignore
Table 181,Ignore
Natural language processing helps computers understand text.,Read
Accessibility technology assists visually impaired users.,Read
The experiment achieved excellent accuracy.,Read
Artificial intelligence is transforming education.,Read
Page 299,Ignore
Machine learning improves healthcare.,Read
The model was trained using supervised learning.,Read
Page 137,Ignore
Page 105,Ignore
Python is a popular programming language.,Read
Data science combines statistics and computing.,Read
Python is a popular programming language.,Read
Table 199,Ignore
Figure 30,Ignore
Page 235,Ignore
The proposed system converts PDF documents into speech.,Read
Data science combines statistics and computing.,Read
Figure 44,Ignore
Cybersecurity protects digital systems.,Read
Cloud computing provides scalable resources.,Read
Page 241,Ignore
Neural networks are inspired by the human brain.,Read
Figure 66,Ignore
Page 95,Ignore
Page 205,Ignore
The experiment achieved excellent accuracy.,Read
This chapter introduces machine learning concepts.,Read
Speech synthesis converts text into spoken words.,Read
Table 15,Ignore
Deep learning performs well on image recognition.,Read
Figure 111,Ignore
Figure 120,Ignore
Page 288,Ignore
Machine learning improves healthcare.,Read
The experiment achieved excellent accuracy.,Read
Table 168,Ignore
Accessibility technology assists visually impaired users.,Read
Data science combines statistics and computing.,Read
Page 183,Ignore
This chapter introduces machine learning concepts.,Read
Accessibility technology assists visually impaired users.,Read
Page 226,Ignore
The model was trained using supervised learning.,Read
Deep learning performs well on image recognition.,Read
Speech synthesis converts text into spoken words.,Read
Python is a popular programming language.,Read
The proposed system converts PDF documents into speech.,Read
Figure 124,Ignore
Figure 115,Ignore
Table 27,Ignore
Python is a popular programming language.,Read
Figure 17,Ignore
Table 12,Ignore
Speech synthesis converts text into spoken words.,Read
The experiment achieved excellent accuracy.,Read
This chapter introduces machine learning concepts.,Read
Page 247,Ignore
Figure 62,Ignore
Figure 132,Ignore
Figure 131,Ignore
The experiment achieved excellent accuracy.,Read
Data science combines statistics and computing.,Read
Deep learning performs well on image recognition.,Read
The experiment achieved excellent accuracy.,Read
Natural language processing helps computers understand text.,Read
Page 104,Ignore
Table 56,Ignore
Table 173,Ignore
Figure 160,Ignore
Cybersecurity protects digital systems.,Read
Table 72,Ignore
Page 45,Ignore
The proposed system converts PDF documents into speech.,Read
Accessibility technology assists visually impaired users.,Read
Page 182,Ignore
The proposed system converts PDF documents into speech.,Read
Page 244,Ignore
Artificial intelligence is transforming education.,Read
Page 50,Ignore
Figure 190,Ignore
Cybersecurity protects digital systems.,Read
Page 264,Ignore
Speech synthesis converts text into spoken words.,Read
Page 78,Ignore
Table 123,Ignore
Table 91,Ignore
Figure 155,Ignore
Artificial intelligence is transforming education.,Read
Figure 15,Ignore
Data science combines statistics and computing.,Read
Table 147,Ignore
Accessibility technology assists visually impaired users.,Read
Page 171,Ignore
Accessibility technology assists visually impaired users.,Read
Page 198,Ignore
Data science combines statistics and computing.,Read
Data science combines statistics and computing.,Read
Table 61,Ignore
The model was trained using supervised learning.,Read
Table 71,Ignore
Artificial intelligence is transforming education.,Read
Speech synthesis converts text into spoken words.,Read
The model was trained using supervised learning.,Read
Figure 158,Ignore
Figure 189,Ignore
www.example.com,Ignore
Deep learning performs well on image recognition.,Read
Figure 97,Ignore
Speech synthesis converts text into spoken words.,Read
Page 35,Ignore
Cybersecurity protects digital systems.,Read
Cloud computing provides scalable resources.,Read
This chapter introduces machine learning concepts.,Read
Machine learning improves healthcare.,Read
Data science combines statistics and computing.,Read
Machine learning improves healthcare.,Read
Table 176,Ignore
Artificial intelligence is transforming education.,Read
Page 215,Ignore
Figure 74,Ignore
Cloud computing provides scalable resources.,Read
Page 282,Ignore
This chapter introduces machine learning concepts.,Read
Page 192,Ignore
Figure 38,Ignore
Python is a popular programming language.,Read
Table 45,Ignore
Cybersecurity protects digital systems.,Read
Cybersecurity protects digital systems.,Read
Table 138,Ignore
Page 202,Ignore
Page 92,Ignore
Figure 188,Ignore
Natural language processing helps computers understand text.,Read
Machine learning improves healthcare.,Read
Cloud computing provides scalable resources.,Read
Page 126,Ignore
Page 186,Ignore
Neural networks are inspired by the human brain.,Read
Speech synthesis converts text into spoken words.,Read
Python is a popular programming language.,Read
Page 159,Ignore
Data science combines statistics and computing.,Read
Artificial intelligence is transforming education.,Read
Figure 57,Ignore
Table 159,Ignore
Figure 63,Ignore
Python is a popular programming language.,Read
Page 275,Ignore
Python is a popular programming language.,Read
Cloud computing provides scalable resources.,Read
Cloud computing provides scalable resources.,Read
Table 124,Ignore
Figure 87,Ignore
Neural networks are inspired by the human brain.,Read
Page 300,Ignore
Natural language processing helps computers understand text.,Read
Table 156,Ignore
The model was trained using supervised learning.,Read
Cloud computing provides scalable resources.,Read
Appendix,Ignore
Figure 149,Ignore
The proposed system converts PDF documents into speech.,Read
Figure 92,Ignore
Artificial intelligence is transforming education.,Read
Page 153,Ignore
Page 90,Ignore
Page 239,Ignore
Table 69,Ignore
Cybersecurity protects digital systems.,Read
Figure 18,Ignore
Table 19,Ignore
Cybersecurity protects digital systems.,Read
Page 209,Ignore
Accessibility technology assists visually impaired users.,Read
Accessibility technology assists visually impaired users.,Read
Figure 50,Ignore
Cybersecurity protects digital systems.,Read
Table 126,Ignore
Machine learning improves healthcare.,Read
Python is a popular programming language.,Read
Deep learning performs well on image recognition.,Read
Speech synthesis converts text into spoken words.,Read
Page 97,Ignore
Neural networks are inspired by the human brain.,Read
Page 174,Ignore
Figure 40,Ignore
Neural networks are inspired by the human brain.,Read
Figure 77,Ignore
Page 103,Ignore
Deep learning performs well on image recognition.,Read
Page 14,Ignore
The experiment achieved excellent accuracy.,Read
Neural networks are inspired by the human brain.,Read
Neural networks are inspired by the human brain.,Read
Python is a popular programming language.,Read
Machine learning improves healthcare.,Read
Page 43,Ignore
Deep learning performs well on image recognition.,Read
Page 191,Ignore
Figure 59,Ignore
Machine learning improves healthcare.,Read
This chapter introduces machine learning concepts.,Read
Natural language processing helps computers understand text.,Read
The model was trained using supervised learning.,Read
Cybersecurity protects digital systems.,Read
Deep learning performs well on image recognition.,Read
Page 136,Ignore
Neural networks are inspired by the human brain.,Read
Page 260,Ignore
Table 128,Ignore
Neural networks are inspired by the human brain.,Read
Confidential,Ignore
Page 32,Ignore
Table 13,Ignore
This chapter introduces machine learning concepts.,Read
Page 220,Ignore
Neural networks are inspired by the human brain.,Read
Figure 25,Ignore
The proposed system converts PDF documents into speech.,Read
The model was trained using supervised learning.,Read
Table 99,Ignore
Page 33,Ignore
Page 130,Ignore
The experiment achieved excellent accuracy.,Read
Table 94,Ignore
Page 287,Ignore
The proposed system converts PDF documents into speech.,Read
Data science combines statistics and computing.,Read
Machine learning improves healthcare.,Read
Page 266,Ignore
The proposed system converts PDF documents into speech.,Read
Figure 47,Ignore
Figure 89,Ignore
Table 133,Ignore
Page 67,Ignore
Figure 187,Ignore
Artificial intelligence is transforming education.,Read
Machine learning improves healthcare.,Read
Table 169,Ignore
Table 179,Ignore
The proposed system converts PDF documents into speech.,Read
Figure 73,Ignore
The proposed system converts PDF documents into speech.,Read
Table 157,Ignore
Natural language processing helps computers understand text.,Read
Speech synthesis converts text into spoken words.,Read
Page 236,Ignore
Page 148,Ignore
Table 189,Ignore
Table 160,Ignore
Page 297,Ignore
Page 194,Ignore
Cybersecurity protects digital systems.,Read
Accessibility technology assists visually impaired users.,Read
This chapter introduces machine learning concepts.,Read
Page 53,Ignore
Natural language processing helps computers understand text.,Read
Natural language processing helps computers understand text.,Read
Page 84,Ignore
Figure 19,Ignore
Python is a popular programming language.,Read
Page 150,Ignore
Page 256,Ignore
Table 129,Ignore
Cloud computing provides scalable resources.,Read
Data science combines statistics and computing.,Read
Table 131,Ignore
Table 186,Ignore
Page 60,Ignore
Page 21,Ignore
Page 37,Ignore
Artificial intelligence is transforming education.,Read
Figure 180,Ignore
The experiment achieved excellent accuracy.,Read
Accessibility technology assists visually impaired users.,Read
This chapter introduces machine learning concepts.,Read
Accessibility technology assists visually impaired users.,Read
The experiment achieved excellent accuracy.,Read
Figure 94,Ignore
Page 273,Ignore
Page 144,Ignore
Data science combines statistics and computing.,Read
Page 229,Ignore
Page 267,Ignore
Table 106,Ignore
Figure 125,Ignore
Speech synthesis converts text into spoken words.,Read
Table 145,Ignore
Artificial intelligence is transforming education.,Read
Speech synthesis converts text into spoken words.,Read
Cybersecurity protects digital systems.,Read
Figure 99,Ignore
Data science combines statistics and computing.,Read
Accessibility technology assists visually impaired users.,Read
Table 196,Ignore
Table 177,Ignore
Page 279,Ignore
Page 177,Ignore
Page 124,Ignore
Page 115,Ignore
Deep learning performs well on image recognition.,Read
Page 212,Ignore
Python is a popular programming language.,Read
Cybersecurity protects digital systems.,Read
Page 99,Ignore
Table 192,Ignore
Python is a popular programming language.,Read
Machine learning improves healthcare.,Read
Table 24,Ignore
Python is a popular programming language.,Read
Python is a popular programming language.,Read
Table 48,Ignore
Deep learning performs well on image recognition.,Read
Data science combines statistics and computing.,Read
Table 117,Ignore
Table 81,Ignore
Page 138,Ignore
Figure 165,Ignore
Artificial intelligence is transforming education.,Read
Figure 48,Ignore
Table 140,Ignore
Artificial intelligence is transforming education.,Read
Page 31,Ignore
Speech synthesis converts text into spoken words.,Read
Speech synthesis converts text into spoken words.,Read
Python is a popular programming language.,Read
Table 184,Ignore
Page 7,Ignore
Page 147,Ignore
Cloud computing provides scalable resources.,Read
Page 121,Ignore
Figure 141,Ignore
Accessibility technology assists visually impaired users.,Read
Page 96,Ignore
Table 193,Ignore
Table 105,Ignore
Page 102,Ignore
The model was trained using supervised learning.,Read
Natural language processing helps computers understand text.,Read
Page 203,Ignore
Page 289,Ignore
Figure 9,Ignore
Page 127,Ignore
Natural language processing helps computers understand text.,Read
The model was trained using supervised learning.,Read
The model was trained using supervised learning.,Read
Accessibility technology assists visually impaired users.,Read
Page 169,Ignore
Table 53,Ignore
Table 9,Ignore
Page 293,Ignore
The model was trained using supervised learning.,Read
The model was trained using supervised learning.,Read
Figure 196,Ignore
Figure 153,Ignore
Neural networks are inspired by the human brain.,Read
Page 259,Ignore
Figure 5,Ignore
Table 163,Ignore
Figure 95,Ignore
Figure 79,Ignore
Natural language processing helps computers understand text.,Read
Figure 31,Ignore
Machine learning improves healthcare.,Read
Accessibility technology assists visually impaired users.,Read
Python is a popular programming language.,Read
Page 80,Ignore
Figure 28,Ignore
Artificial intelligence is transforming education.,Read
Figure 35,Ignore
The proposed system converts PDF documents into speech.,Read
The proposed system converts PDF documents into speech.,Read
Python is a popular programming language.,Read
Figure 104,Ignore
Accessibility technology assists visually impaired users.,Read
Page 1,Ignore
Cloud computing provides scalable resources.,Read
The model was trained using supervised learning.,Read
Page 222,Ignore
The proposed system converts PDF documents into speech.,Read
Figure 140,Ignore
Python is a popular programming language.,Read
Python is a popular programming language.,Read
Table 111,Ignore
This chapter introduces machine learning concepts.,Read
Table 104,Ignore
Figure 23,Ignore
The model was trained using supervised learning.,Read
Page 213,Ignore
Natural language processing helps computers understand text.,Read
Neural networks are inspired by the human brain.,Read
Cybersecurity protects digital systems.,Read
Artificial intelligence is transforming education.,Read
Table 122,Ignore
Page 158,Ignore
Figure 6,Ignore
Accessibility technology assists visually impaired users.,Read
Page 175,Ignore
Figure 139,Ignore
Page 204,Ignore
Cloud computing provides scalable resources.,Read
This chapter introduces machine learning concepts.,Read
Artificial intelligence is transforming education.,Read
Figure 4,Ignore
Deep learning performs well on image recognition.,Read
This chapter introduces machine learning concepts.,Read
Page 227,Ignore
Table 38,Ignore
This chapter introduces machine learning concepts.,Read
Figure 157,Ignore
Page 221,Ignore
Page 76,Ignore
Cybersecurity protects digital systems.,Read
Page 254,Ignore
Figure 191,Ignore
Table 143,Ignore
Natural language processing helps computers understand text.,Read
Page 19,Ignore
Artificial intelligence is transforming education.,Read
The proposed system converts PDF documents into speech.,Read
Figure 93,Ignore
Natural language processing helps computers understand text.,Read
The proposed system converts PDF documents into speech.,Read
Neural networks are inspired by the human brain.,Read
The experiment achieved excellent accuracy.,Read
Index,Ignore
Page 207,Ignore
Page 4,Ignore
Table of Contents,Ignore
The experiment achieved excellent accuracy.,Read
Table 54,Ignore
The model was trained using supervised learning.,Read
Natural language processing helps computers understand text.,Read
https://google.com,Ignore
Data science combines statistics and computing.,Read
Figure 69,Ignore
Figure 199,Ignore
Table 162,Ignore
Figure 82,Ignore
Deep learning performs well on image recognition.,Read
Table 60,Ignore
Page 263,Ignore
Accessibility technology assists visually impaired users.,Read
The model was trained using supervised learning.,Read
Cloud computing provides scalable resources.,Read
Table 93,Ignore
Natural language processing helps computers understand text.,Read
Page 114,Ignore
Neural networks are inspired by the human brain.,Read
Page 246,Ignore
Page 111,Ignore
Figure 198,Ignore
Natural language processing helps computers understand text.,Read
Figure 177,Ignore
Neural networks are inspired by the human brain.,Read
Machine learning improves healthcare.,Read
Deep learning performs well on image recognition.,Read
Page 47,Ignore
Table 11,Ignore
Page 232,Ignore
Table 22,Ignore
Deep learning performs well on image recognition.,Read
Figure 58,Ignore
Page 166,Ignore
Page 75,Ignore
Figure 39,Ignore
Accessibility technology assists visually impaired users.,Read
This chapter introduces machine learning concepts.,Read
Page 211,Ignore
Figure 148,Ignore
Deep learning performs well on image recognition.,Read
Table 43,Ignore
Cybersecurity protects digital systems.,Read
Page 17,Ignore
Table 132,Ignore
Figure 84,Ignore
Figure 161,Ignore
Page 108,Ignore
The experiment achieved excellent accuracy.,Read
The model was trained using supervised learning.,Read
Table 175,Ignore
Page 216,Ignore
Natural language processing helps computers understand text.,Read
Figure 42,Ignore
The proposed system converts PDF documents into speech.,Read
Accessibility technology assists visually impaired users.,Read
This chapter introduces machine learning concepts.,Read
Page 125,Ignore
Figure 81,Ignore
Page 58,Ignore
Page 176,Ignore
Deep learning performs well on image recognition.,Read
Machine learning improves healthcare.,Read
Cybersecurity protects digital systems.,Read
Cybersecurity protects digital systems.,Read
Table 10,Ignore
Table 90,Ignore
Figure 102,Ignore
Figure 29,Ignore
Artificial intelligence is transforming education.,Read
Figure 138,Ignore
Table 118,Ignore
Page 277,Ignore
Table 114,Ignore
Table 75,Ignore
Data science combines statistics and computing.,Read
Page 123,Ignore
The model was trained using supervised learning.,Read
The model was trained using supervised learning.,Read
Page 210,Ignore
Neural networks are inspired by the human brain.,Read
Accessibility technology assists visually impaired users.,Read
Page 61,Ignore
Machine learning improves healthcare.,Read
Machine learning improves healthcare.,Read
Page 38,Ignore
Cloud computing provides scalable resources.,Read
Cloud computing provides scalable resources.,Read
Deep learning performs well on image recognition.,Read
Figure 109,Ignore
Figure 80,Ignore
Page 77,Ignore
Page 91,Ignore
Page 132,Ignore
This chapter introduces machine learning concepts.,Read
Python is a popular programming language.,Read
Page 6,Ignore
Neural networks are inspired by the human brain.,Read
Figure 178,Ignore
Figure 192,Ignore
Figure 163,Ignore
The proposed system converts PDF documents into speech.,Read
Artificial intelligence is transforming education.,Read
Page 272,Ignore
Page 48,Ignore
Page 291,Ignore
Page 109,Ignore
Figure 162,Ignore
Deep learning performs well on image recognition.,Read
Python is a popular programming language.,Read
Figure 197,Ignore
The proposed system converts PDF documents into speech.,Read
Data science combines statistics and computing.,Read
Page 223,Ignore
Figure 184,Ignore
Figure 46,Ignore
Figure 146,Ignore
The proposed system converts PDF documents into speech.,Read
Table 121,Ignore
Table 108,Ignore
Cybersecurity protects digital systems.,Read
Python is a popular programming language.,Read
Python is a popular programming language.,Read
Machine learning improves healthcare.,Read
Figure 101,Ignore
Figure 171,Ignore
Figure 22,Ignore
Table 31,Ignore
Cloud computing provides scalable resources.,Read
Table 183,Ignore
Page 180,Ignore
Accessibility technology assists visually impaired users.,Read
Table 150,Ignore
Table 70,Ignore
Data science combines statistics and computing.,Read
Figure 156,Ignore
Page 278,Ignore
Page 143,Ignore
The experiment achieved excellent accuracy.,Read
Natural language processing helps computers understand text.,Read
Table 164,Ignore
Figure 8,Ignore
Page 218,Ignore
Figure 175,Ignore
Figure 68,Ignore
Speech synthesis converts text into spoken words.,Read
The model was trained using supervised learning.,Read
Figure 193,Ignore
Page 200,Ignore
Page 85,Ignore
Table 197,Ignore
Page 195,Ignore
The model was trained using supervised learning.,Read
This chapter introduces machine learning concepts.,Read
Figure 166,Ignore
Figure 118,Ignore
The proposed system converts PDF documents into speech.,Read
Figure 172,Ignore
https://wikipedia.org,Ignore
This chapter introduces machine learning concepts.,Read
Page 87,Ignore
Page 243,Ignore
Machine learning improves healthcare.,Read
Table 134,Ignore
Page 36,Ignore
The experiment achieved excellent accuracy.,Read
Figure 183,Ignore
Page 94,Ignore
Figure 112,Ignore
Cybersecurity protects digital systems.,Read
Page 88,Ignore
Table 34,Ignore
Data science combines statistics and computing.,Read
Natural language processing helps computers understand text.,Read
Page 56,Ignore
Page 145,Ignore
Natural language processing helps computers understand text.,Read
Table 23,Ignore
Figure 24,Ignore
Table 35,Ignore
Page 42,Ignore
This chapter introduces machine learning concepts.,Read
Artificial intelligence is transforming education.,Read
This chapter introduces machine learning concepts.,Read
Page 274,Ignore
Accessibility technology assists visually impaired users.,Read
Cybersecurity protects digital systems.,Read
Page 142,Ignore
Table 194,Ignore
This chapter introduces machine learning concepts.,Read
The model was trained using supervised learning.,Read
Page 26,Ignore
Page 46,Ignore
Table 152,Ignore
Table 171,Ignore
Page 231,Ignore
Python is a popular programming language.,Read
Machine learning improves healthcare.,Read
Page 170,Ignore
Figure 179,Ignore
Neural networks are inspired by the human brain.,Read
Cloud computing provides scalable resources.,Read
Figure 91,Ignore
Natural language processing helps computers understand text.,Read
Page 268,Ignore
Page 197,Ignore
Cloud computing provides scalable resources.,Read
Table 40,Ignore
Table 195,Ignore
Figure 13,Ignore
Page 188,Ignore
Page 184,Ignore
Table 89,Ignore
Figure 1,Ignore
This chapter introduces machine learning concepts.,Read
Page 81,Ignore
Figure 33,Ignore
The experiment achieved excellent accuracy.,Read
www.wikipedia.org,Ignore
The model was trained using supervised learning.,Read
Table 2,Ignore
Cybersecurity protects digital systems.,Read
Figure 122,Ignore
Artificial intelligence is transforming education.,Read
Page 89,Ignore
Table 92,Ignore
Figure 64,Ignore
Natural language processing helps computers understand text.,Read
Neural networks are inspired by the human brain.,Read
Page 12,Ignore
Page 98,Ignore
Table 4,Ignore
Cybersecurity protects digital systems.,Read
Page 140,Ignore
Natural language processing helps computers understand text.,Read
Page 172,Ignore
Table 127,Ignore
Page 214,Ignore
Table 64,Ignore
Copyright 2025,Ignore
Figure 53,Ignore
Accessibility technology assists visually impaired users.,Read
The proposed system converts PDF documents into speech.,Read
Figure 144,Ignore
Table 116,Ignore
Table 174,Ignore
Page 71,Ignore
The model was trained using supervised learning.,Read
Figure 41,Ignore
Figure 105,Ignore
Table 102,Ignore
The experiment achieved excellent accuracy.,Read
Machine learning improves healthcare.,Read
This chapter introduces machine learning concepts.,Read
Speech synthesis converts text into spoken words.,Read
Deep learning performs well on image recognition.,Read
Table 77,Ignore
Page 265,Ignore
Accessibility technology assists visually impaired users.,Read
Page 122,Ignore
Natural language processing helps computers understand text.,Read
Figure 159,Ignore
Page 44,Ignore
Table 84,Ignore
Figure 142,Ignore
The model was trained using supervised learning.,Read
Table 161,Ignore
Page 201,Ignore
Table 26,Ignore
Python is a popular programming language.,Read
Table 88,Ignore
Figure 114,Ignore
Page 134,Ignore
Page 298,Ignore
Cloud computing provides scalable resources.,Read
Page 110,Ignore
Figure 36,Ignore
Page 208,Ignore
Table 107,Ignore
Cloud computing provides scalable resources.,Read
Table 141,Ignore
Natural language processing helps computers understand text.,Read
Page 179,Ignore
Natural language processing helps computers understand text.,Read
Artificial intelligence is transforming education.,Read
The model was trained using supervised learning.,Read
Page 72,Ignore
The proposed system converts PDF documents into speech.,Read
This chapter introduces machine learning concepts.,Read
Cybersecurity protects digital systems.,Read
Page 219,Ignore
The model was trained using supervised learning.,Read
Deep learning performs well on image recognition.,Read
Page 151,Ignore
Table 73,Ignore
Figure 72,Ignore
Page 100,Ignore
Page 3,Ignore
The model was trained using supervised learning.,Read
Deep learning performs well on image recognition.,Read
This chapter introduces machine learning concepts.,Read
Speech synthesis converts text into spoken words.,Read
Cloud computing provides scalable resources.,Read
Cybersecurity protects digital systems.,Read
Page 116,Ignore
Figure 21,Ignore
Cybersecurity protects digital systems.,Read
Deep learning performs well on image recognition.,Read
Neural networks are inspired by the human brain.,Read
Natural language processing helps computers understand text.,Read
Neural networks are inspired by the human brain.,Read
Data science combines statistics and computing.,Read
Machine learning improves healthcare.,Read
Figure 110,Ignore
Page 196,Ignore
Table 148,Ignore
The experiment achieved excellent accuracy.,Read
Page 162,Ignore
Page 238,Ignore
Table 119,Ignore
Machine learning improves healthcare.,Read
Data science combines statistics and computing.,Read
Cybersecurity protects digital systems.,Read
Machine learning improves healthcare.,Read
Deep learning performs well on image recognition.,Read
Artificial intelligence is transforming education.,Read
Speech synthesis converts text into spoken words.,Read
Table 170,Ignore
Figure 56,Ignore
Page 252,Ignore
Table 25,Ignore
Figure 65,Ignore
Data science combines statistics and computing.,Read
Cloud computing provides scalable resources.,Read
Speech synthesis converts text into spoken words.,Read
Deep learning performs well on image recognition.,Read
Page 51,Ignore
Figure 71,Ignore
Neural networks are inspired by the human brain.,Read
Figure 130,Ignore
Cloud computing provides scalable resources.,Read
Cybersecurity protects digital systems.,Read
Python is a popular programming language.,Read
Data science combines statistics and computing.,Read
Speech synthesis converts text into spoken words.,Read
Table 46,Ignore
Cybersecurity protects digital systems.,Read
Page 23,Ignore
Python is a popular programming language.,Read
Page 39,Ignore
Table 51,Ignore
Table 135,Ignore
This chapter introduces machine learning concepts.,Read
Table 112,Ignore
Page 270,Ignore
Speech synthesis converts text into spoken words.,Read
Python is a popular programming language.,Read
Table 166,Ignore
Figure 37,Ignore
Figure 169,Ignore
Page 173,Ignore
Figure 16,Ignore
Python is a popular programming language.,Read
Page 131,Ignore
Table 113,Ignore
This chapter introduces machine learning concepts.,Read
Speech synthesis converts text into spoken words.,Read
Deep learning performs well on image recognition.,Read
The proposed system converts PDF documents into speech.,Read
Page 120,Ignore
Table 98,Ignore
This chapter introduces machine learning concepts.,Read
Cloud computing provides scalable resources.,Read
Table 137,Ignore
Page 258,Ignore
Cloud computing provides scalable resources.,Read
Cybersecurity protects digital systems.,Read
Table 149,Ignore
Table 83,Ignore
Python is a popular programming language.,Read
Table 87,Ignore
Page 228,Ignore
The model was trained using supervised learning.,Read
Figure 61,Ignore
Page 168,Ignore
The proposed system converts PDF documents into speech.,Read
Neural networks are inspired by the human brain.,Read
Page 163,Ignore
Page 167,Ignore
Table 37,Ignore
Cybersecurity protects digital systems.,Read
Figure 34,Ignore
Natural language processing helps computers understand text.,Read
Cloud computing provides scalable resources.,Read
Table 153,Ignore
Page 28,Ignore
Page 249,Ignore
Table 74,Ignore
Table 78,Ignore
Table 58,Ignore
https://github.com,Ignore
Python is a popular programming language.,Read
Table 21,Ignore
Table 65,Ignore
Table 110,Ignore
Figure 60,Ignore
Page 5,Ignore
Table 47,Ignore
Page 64,Ignore
Table 33,Ignore
Page 62,Ignore
Figure 152,Ignore
Neural networks are inspired by the human brain.,Read
Speech synthesis converts text into spoken words.,Read
Speech synthesis converts text into spoken words.,Read
Cloud computing provides scalable resources.,Read
Figure 167,Ignore
Speech synthesis converts text into spoken words.,Read
Speech synthesis converts text into spoken words.,Read
Table 154,Ignore
The experiment achieved excellent accuracy.,Read
Artificial intelligence is transforming education.,Read
The model was trained using supervised learning.,Read
The experiment achieved excellent accuracy.,Read
Figure 107,Ignore
Cybersecurity protects digital systems.,Read
Page 250,Ignore
Table 82,Ignore
Figure 83,Ignore
The experiment achieved excellent accuracy.,Read
The experiment achieved excellent accuracy.,Read
Cloud computing provides scalable resources.,Read
Figure 168,Ignore
Data science combines statistics and computing.,Read
Figure 7,Ignore
The model was trained using supervised learning.,Read
Figure 128,Ignore
Machine learning improves healthcare.,Read
Table 16,Ignore
Page 296,Ignore
Page 10,Ignore
Neural networks are inspired by the human brain.,Read
Page 16,Ignore
Machine learning improves healthcare.,Read
Python is a popular programming language.,Read
Page 86,Ignore
Cloud computing provides scalable resources.,Read
Table 200,Ignore
Page 281,Ignore
Data science combines statistics and computing.,Read
Page 157,Ignore
This chapter introduces machine learning concepts.,Read
Data science combines statistics and computing.,Read
Page 290,Ignore
Neural networks are inspired by the human brain.,Read
Data science combines statistics and computing.,Read
Neural networks are inspired by the human brain.,Read
Page 225,Ignore
Accessibility technology assists visually impaired users.,Read
Accessibility technology assists visually impaired users.,Read
Deep learning performs well on image recognition.,Read
Page 141,Ignore
Table 55,Ignore
Page 206,Ignore
Machine learning improves healthcare.,Read
The experiment achieved excellent accuracy.,Read
The proposed system converts PDF documents into speech.,Read
Cloud computing provides scalable resources.,Read
Natural language processing helps computers understand text.,Read
Page 133,Ignore
Accessibility technology assists visually impaired users.,Read
Table 95,Ignore
Page 27,Ignore
Machine learning improves healthcare.,Read
Table 50,Ignore
Page 156,Ignore
Data science combines statistics and computing.,Read
Table 42,Ignore
Figure 194,Ignore
Table 5,Ignore
Speech synthesis converts text into spoken words.,Read
Table 28,Ignore
Table 155,Ignore
Artificial intelligence is transforming education.,Read
Deep learning performs well on image recognition.,Read
Python is a popular programming language.,Read
Table 130,Ignore
Table 41,Ignore
Figure 136,Ignore
Table 76,Ignore
Page 155,Ignore
The experiment achieved excellent accuracy.,Read
Table 190,Ignore
Figure 51,Ignore
Figure 147,Ignore
Page 276,Ignore
Table 125,Ignore
Table 1,Ignore
Machine learning improves healthcare.,Read
Page 106,Ignore
Artificial intelligence is transforming education.,Read
The experiment achieved excellent accuracy.,Read
Artificial intelligence is transforming education.,Read
Page 257,Ignore
Figure 12,Ignore
Machine learning improves healthcare.,Read
Page 284,Ignore
The proposed system converts PDF documents into speech.,Read
Table 182,Ignore
Table 180,Ignore
Speech synthesis converts text into spoken words.,Read
Accessibility technology assists visually impaired users.,Read
Speech synthesis converts text into spoken words.,Read
Page 24,Ignore
The experiment achieved excellent accuracy.,Read
Page 230,Ignore
Accessibility technology assists visually impaired users.,Read
Figure 76,Ignore
Cloud computing provides scalable resources.,Read
Page 233,Ignore
Figure 182,Ignore
Python is a popular programming language.,Read
Table 101,Ignore
Speech synthesis converts text into spoken words.,Read
Table 67,Ignore
Cloud computing provides scalable resources.,Read
Page 107,Ignore
The model was trained using supervised learning.,Read
Figure 20,Ignore
The experiment achieved excellent accuracy.,Read
Page 83,Ignore
Page 41,Ignore
Speech synthesis converts text into spoken words.,Read
The proposed system converts PDF documents into speech.,Read
The model was trained using supervised learning.,Read
Page 187,Ignore
Machine learning improves healthcare.,Read
Accessibility technology assists visually impaired users.,Read
Figure 103,Ignore
The proposed system converts PDF documents into speech.,Read
Page 248,Ignore
Page 54,Ignore
Page 66,Ignore
Figure 85,Ignore
Page 68,Ignore
Page 59,Ignore
Table 44,Ignore
The experiment achieved excellent accuracy.,Read
Page 52,Ignore
www.google.com,Ignore
Page 129,Ignore
Data science combines statistics and computing.,Read
The experiment achieved excellent accuracy.,Read
Deep learning performs well on image recognition.,Read
Figure 173,Ignore
The model was trained using supervised learning.,Read
Page 25,Ignore
Cybersecurity protects digital systems.,Read
Figure 135,Ignore
Cloud computing provides scalable resources.,Read
The experiment achieved excellent accuracy.,Read
Table 14,Ignore
The proposed system converts PDF documents into speech.,Read
Page 262,Ignore
Artificial intelligence is transforming education.,Read
The model was trained using supervised learning.,Read
Page 165,Ignore
Table 59,Ignore
Table 115,Ignore
Table 172,Ignore
Page 119,Ignore
Artificial intelligence is transforming education.,Read
Page 113,Ignore
This chapter introduces machine learning concepts.,Read
Artificial intelligence is transforming education.,Read
Machine learning improves healthcare.,Read
Page 49,Ignore
Accessibility technology assists visually impaired users.,Read
Data science combines statistics and computing.,Read
Natural language processing helps computers understand text.,Read
Page 286,Ignore
Table 178,Ignore
Artificial intelligence is transforming education.,Read
Natural language processing helps computers understand text.,Read
Data science combines statistics and computing.,Read
Neural networks are inspired by the human brain.,Read
The proposed system converts PDF documents into speech.,Read
Page 128,Ignore
Figure 55,Ignore
Deep learning performs well on image recognition.,Read
Figure 75,Ignore
www.school.edu,Ignore
Figure 113,Ignore
Artificial intelligence is transforming education.,Read
Figure 98,Ignore
This chapter introduces machine learning concepts.,Read
Table 85,Ignore
The proposed system converts PDF documents into speech.,Read
Page 181,Ignore
Page 112,Ignore
Page 261,Ignore
Page 22,Ignore
Data science combines statistics and computing.,Read
Page 178,Ignore
Page 15,Ignore
Table 49,Ignore
The proposed system converts PDF documents into speech.,Read
Page 63,Ignore
Page 13,Ignore
Table 188,Ignore
Figure 86,Ignore
Table 158,Ignore
Page 20,Ignore
Cloud computing provides scalable resources.,Read
Machine learning improves healthcare.,Read
The proposed system converts PDF documents into speech.,Read
Deep learning performs well on image recognition.,Read
Figure 3,Ignore
Machine learning improves healthcare.,Read
Page 253,Ignore
Cybersecurity protects digital systems.,Read
Artificial intelligence is transforming education.,Read
The proposed system converts PDF documents into speech.,Read
Page 189,Ignore
The proposed system converts PDF documents into speech.,Read
Data science combines statistics and computing.,Read
Table 3,Ignore
Page 29,Ignore
Figure 14,Ignore
Figure 27,Ignore
Page 185,Ignore
Page 251,Ignore
Speech synthesis converts text into spoken words.,Read
Figure 32,Ignore
Neural networks are inspired by the human brain.,Read
Cybersecurity protects digital systems.,Read
Data science combines statistics and computing.,Read
Cloud computing provides scalable resources.,Read
Page 8,Ignore
Table 167,Ignore
Figure 121,Ignore
www.github.com,Ignore
Page 217,Ignore
The experiment achieved excellent accuracy.,Read
Deep learning performs well on image recognition.,Read
Python is a popular programming language.,Read
Natural language processing helps computers understand text.,Read
Neural networks are inspired by the human brain.,Read
Page 69,Ignore
The proposed system converts PDF documents into speech.,Read
Table 120,Ignore
Page 79,Ignore
Table 109,Ignore
Table 146,Ignore
Figure 200,Ignore
Figure 67,Ignore
Deep learning performs well on image recognition.,Read
Artificial intelligence is transforming education.,Read
Figure 151,Ignore
Page 193,Ignore
The experiment achieved excellent accuracy.,Read
Figure 10,Ignore
Page 237,Ignore
Page 161,Ignore
Table 29,Ignore
The experiment achieved excellent accuracy.,Read
Speech synthesis converts text into spoken words.,Read
Figure 150,Ignore
Page 154,Ignore
Table 100,Ignore
Figure 174,Ignore
Table 7,Ignore
Figure 45,Ignore
Accessibility technology assists visually impaired users.,Read
This chapter introduces machine learning concepts.,Read
Data science combines statistics and computing.,Read
Data science combines statistics and computing.,Read
Table 6,Ignore
Neural networks are inspired by the human brain.,Read
Figure 134,Ignore
Page 292,Ignore
Figure 54,Ignore
Accessibility technology assists visually impaired users.,Read
Speech synthesis converts text into spoken words.,Read
Table 185,Ignore
Page 34,Ignore
Table 191,Ignore
Page 73,Ignore
Page 190,Ignore
Figure 78,Ignore
The proposed system converts PDF documents into speech.,Read
Table 144,Ignore
Figure 145,Ignore
Natural language processing helps computers understand text.,Read
Cybersecurity protects digital systems.,Read
Machine learning improves healthcare.,Read
Figure 108,Ignore
Page 245,Ignore
Table 80,Ignore
Page 117,Ignore
Table 39,Ignore
Figure 181,Ignore
Natural language processing helps computers understand text.,Read
Artificial intelligence is transforming education.,Read
Page 294,Ignore
Figure 2,Ignore
Figure 70,Ignore
Figure 185,Ignore
The experiment achieved excellent accuracy.,Read
Accessibility technology assists visually impaired users.,Read
Neural networks are inspired by the human brain.,Read
Table 151,Ignore
Machine learning improves healthcare.,Read
Page 82,Ignore
Page 149,Ignore
Figure 100,Ignore
Cloud computing provides scalable resources.,Read
The experiment achieved excellent accuracy.,Read
